dataset,device,fp32_ms,int8_ms,speedup
ogbn-arxiv,CPU,43.4814,42.9209,1.013058906034123
ogbn-arxiv,GPU,52.5655,39.0316,1.3467421268920567
ogbn-arxiv,NPU,46.1392,44.2664,1.0423074837800228
ogbn-products,CPU,41.3851,39.5954,1.0451996949140558
ogbn-products,GPU,50.9171,37.8188,1.3463436174600991
ogbn-products,NPU,43.1238,41.6955,1.0342554951973235
ogbn-proteins,CPU,42.4098,39.8073,1.0653774558937683
ogbn-proteins,GPU,52.3161,38.144,1.3715420511744967
ogbn-proteins,NPU,46.3704,42.8868,1.0812277903690646
